{
    "loss": 2.0515048503875732,
    "accuracy": 0.8965517282485962
}