{
    "loss": 1.316419005393982,
    "accuracy": 0.9396551847457886
}